{
  "name": "TheWitcherTRPG-babele-es",
  "title": "TheWitcherTRPG  Babele Spanish",
  "description": "Traducción de la implementación de TheWitcherTRPG al español mediante babele",
  "version": "v0.0.5",
  "minimumCoreVersion": "9",
  "compatibleCoreVersion": "9",
  "author": "@Mk1lolo#0316",
  "esmodules": [
    "babele-register.js"
  ],
  "scripts": [],
  "styles": [],
  "dependencies": [
    {
      "name": "babele",
      "manifest": "https://gitlab.com/riccisi/foundryvtt-babele/raw/master/module/module.json",
      "version": "1.20"
    }
  ],
  "packs": [],
  "languages": [
    {
      "lang": "es",
      "name": "Español",
      "path": "lang/es.json"
    },
    {
      "lang": "en",
      "name": "English",
      "path": "lang/en.json"
    }
  ],
  "system": "TheWitcherTRPG",
  "systemVersion": "0.79",
  "url": "https://github.com/foundryvttes/TheWitcherTRPG-babele-es",
  "manifest": "https://raw.githubusercontent.com/foundryvttes/TheWitcherTRPG-babele-es/main/module.json",
  "download": "https://github.com/foundryvttes/TheWitcherTRPG-babele-es/releases/download/v0.0.5/main.zip"
}